﻿Designator,Footprint,Quantity,Value,LCSC Part #
"C1, C11, C12, C2, C3",0402,5,1uF,CL05A105KA5NQNC
"C13, C15, C18, C19, C28, C40, C48, C49, C5, C50, C51, C52, C53, C54, C55, C56, C59, C6, C7, C8",0402,20,0.1uF,CL05B104KO5NNNC
C14,0402,1,6.8pF,0402CG6R8C500NT
"C16, C72",0603,2,10uF,CL10A106MA8NRNC
"C22, C23",CP_EIA-3528-12_Kemet-T,2,100uF,T491B106M020AT
C24,C_Elec_6.3x7.7,1,330uF,TAJD337K010RNJ
C4,0402,1,100pF,0402N101J500CT
"C57, C58",0402,2,15pF,0402CG150J500NT
C71,0603,1,0.1uF,CC0603KRX7R9BB104
C9,0402,1,4.7uF,CL05A475MP5NRNC
D1,D_SMA,1,RB521S30T1G,RB521S30T1G
"D2, D20",SOT-23-6,2,USBLC6-2SC6,USBLC6-2SC6 
D4,SOT-23,1,BAS70-05,BAS70-05 
"D6, D7",0603,2,LED,XL-1608UGC-04 
J1,USB_C_Receptacle_G-Switch_GT-USB-7010ASV,1,USB_C_Receptacle,GT-USB-7010ASV 
J11,HDMI_A_Amphenol_10029449-111,1,HDMI_A,10029449-111RLF
J12,USB3_A_Molex_48393-001,1,USB3_A,C3032863
J5,SODIMM-DDR4_8mm-NANO,1,NANO-nvidia_nano, 2309414-1
J6,RJ45_UDE_RB1-125B8G1A,1,RJ45_RB1-125B8G1A,RB1-125B8G1A
L1,L_Bourns_SRP7028A_7.3x6.6mm,1,2.2uH,YSPI0730-2R2M 
L2,0402,1,1.2nH,SDCL1005C1N2STDF
"Q1, Q11, Q12, Q13, Q14, Q2, Q3, Q4, Q5, Q6, Q7",SOT-523,11,DMN26D0UT-7,DMN26D0UT-7
Q8,SOT-23,1,MMBT3904,MMBT3904
"R1, R100, R101, R16, R2",0402,5,5.1k,0402WGF5101TCE
R10,0402,1,1k,0402WGF1001TCE
"R11, R14, R20, R35, R58, R71, R72, R79, R89, R90",0402,10,12k,0402WGF1002TCE
"R12, R13, R15, R19, R82, R83, R84",0402,7,100k,0402WGF1003TCE
"R25, R26, R27, R28, R29, R30",0603,6,2.2k,0603WAF2201T5E
"R3, R4, R5, R9",0402,4,220R,ERJ2GEJ221X
"R31, R36, R41, R42, R48, R49, R67, R68, R69, R70, R73, R74, R75, R76",0402,14,0,0402WGF0000TCE
"R32, R37",0603,2,150r,0603WAF1500T5E 
R43,0402,1,1M,0402WGF1004TCE
"R59, R60, R61, R62, R63, R64, R65, R66",0402,8,510r,0402WGF5100TCE
R6,0402,1,100R,0402WGF1000TCE
R7,0402,1,4.7k,0402WGF4701TCE
"R77, R78",0603,2,1.8k,0603WAF1801T5E
R8,0402,1,470K,RC0402FR-07470KL 
R80,0603,1,36k,RTT03363JTP
R81,0402,1,120k,0402WGF1203TCE
R91,0603,1,11k,RTT031102FTP
S1,Crystal_SMD_7050-4Pin_7.0x5.0mm,1,B3SL-1022P,
S3,Crystal_SMD_7050-4Pin_7.0x5.0mm,1,B3SL-1022P,B3SL-1022P 
"U1, U4",SOT-353_SC-70-5,2,74LVC1G126,"74LVC1G126GW,125 "
U10,SOT-23-5,1,MT9700,MT9700
U2,UQFN-10_1.4x1.8mm_P0.4mm,1,SN74AVC2T245,SN74AVC2T245RSWR
U22,SOT-23-6,1,AP2281-3WG-7,AP2281-3WG-7 
U5,SOT-23-6,1,TLV62569DDC,TLV62569DBVR
U6,SOT-353_SC-70-5,1,TLV70018DCKT,TLV70018DCKT
